use regex1;
CREATE TABLE Students (
    StudentID INT PRIMARY KEY,
    StudentName VARCHAR(100),
    Department VARCHAR(50)
);

INSERT INTO Students (StudentID, StudentName, Department) VALUES
(1, 'Alice', 'Computer Science'),
(2, 'Bob', 'Computer Science'),
(3, 'Charlie', 'Mathematics'),
(4, 'Diana', 'Mathematics'),
(5, 'Eve', 'Physics');


CREATE TABLE Courses (
    CourseID INT PRIMARY KEY,
    CourseName VARCHAR(100),
    Department VARCHAR(50)
);

INSERT INTO Courses (CourseID, CourseName, Department) VALUES
(101, 'Data Structures', 'Computer Science'),
(102, 'Algorithms', 'Computer Science'),
(201, 'Calculus', 'Mathematics'),
(202, 'Linear Algebra', 'Mathematics'),
(301, 'Quantum Mechanics', 'Physics');

select * from Students;
select *  from Courses;

CREATE TABLE Enrollments (
    StudentID INT,
    CourseID INT,
    Grade DECIMAL(5, 2),
    PRIMARY KEY (StudentID, CourseID),
    FOREIGN KEY (StudentID) REFERENCES Students(StudentID),
    FOREIGN KEY (CourseID) REFERENCES Courses(CourseID)
);

INSERT INTO Enrollments (StudentID, CourseID, Grade) VALUES
(1, 101, 88.5),
(1, 102, 92.0),
(2, 101, 76.0),
(2, 102, 81.5),
(3, 201, 85.0),
(3, 202, 90.0),
(4, 201, 78.0),
(4, 202, 82.5),
(5, 301, 91.0);
select * from enrollments;
-- get the student name and the student id and course name for each student 
 
-- find students who scored above the average in any course they enrolled in 
select * from enrollments as e where grade >=
(select avg(grade) from enrollments as en where e.studentid = en.studentid );

-- list all students who have the highest grade in AT LEAST one course 
select * from enrollments as e  where e.grade=
( select  max(e2.grade) from enrollments as e2 where e2.courseid = e.courseid)